{
	"format_version": "1.10.0",
	"particle_effect": {
		"description": {
			"identifier": "dungeonscombat:crosshair",
			"basic_render_parameters": {
				"material": "particles_blend",
				"texture": "textures/gui/icons"
			}
		},
		"components": {
			"minecraft:emitter_local_space": {
				"position": true,
				"rotation": true
			},
			"minecraft:emitter_rate_instant": {
				"num_particles": 1
			},
			"minecraft:emitter_lifetime_once": {
				"active_time": 0.1
			},
			"minecraft:emitter_shape_point": {},
			"minecraft:particle_lifetime_expression": {
				"max_lifetime": 0.05
			},
			"minecraft:particle_appearance_billboard": {
				"size": [
					0.5,
					0.5
				],
				"facing_camera_mode": "rotate_xyz",
				"uv": {
					"texture_width": 16,
					"texture_height": 16,
					"uv": [
						0,
						0
					],
					"uv_size": [
						1,
						1
					]
				}
			},
			"minecraft:particle_appearance_tinting": {
				"color": [
					1,
					1,
					1,
					1
				]
			}
		}
	}
}