{
	"format_version": "1.10.0",
	"particle_effect": {
		"description": {
			"identifier": "dungeonscombat:sweep",
			"basic_render_parameters": {
				"material": "particles_add",
				"texture": "textures/particle/dc_sweep"
			}
		},
		"components": {
			"minecraft:emitter_local_space": {
				"position": true,
				"rotation": true
			},
			"minecraft:emitter_rate_instant": {
				"num_particles": 1
			},
			"minecraft:emitter_lifetime_once": {},
			"minecraft:emitter_shape_sphere": {
				"radius": 0.025
			},
			"minecraft:particle_lifetime_expression": {
				"max_lifetime": 0.3
			},
			"minecraft:particle_appearance_billboard": {
				"size": [
					2,
					1
				],
				"facing_camera_mode": "lookat_xyz",
				"uv": {
					"texture_width": 64,
					"texture_height": 4,
					"flipbook": {
						"base_UV": [
							0,
							0
						],
						"size_UV": [
							8,
							4
						],
						"step_UV": [
							8,
							0
						],
						"frames_per_second": 8,
						"max_frame": 10,
						"stretch_to_lifetime": true
					}
				}
			},
			"minecraft:particle_appearance_tinting": {
				"color": {
					"interpolant": "v.particle_age / v.particle_lifetime",
					"gradient": {
						"0.0": "#E3FFFFFF",
						"0.25": "#DEFFFFFF",
						"0.5": "#B5FFFFFF"
					}
				}
			}
		}
	}
}