{
	"format_version": "1.10.0",
	"particle_effect": {
		"description": {
			"identifier": "dungeonscombat:aimrot",
			"basic_render_parameters": {
				"material": "particles_blend",
				"texture": "textures/particle/particles"
			}
		},
		"components": {
			"minecraft:emitter_local_space": {
				"position": true,
				"rotation": true
			},
			"minecraft:emitter_rate_instant": {
				"num_particles": 1
			},
			"minecraft:emitter_lifetime_once": {
				"active_time": 0.05
			},
			"minecraft:emitter_shape_point": {
				"offset": [
					0,
					0.05,
					0
				]
			},
			"minecraft:particle_lifetime_expression": {
				"max_lifetime": 0.05
			},
			"minecraft:particle_lifetime_events": {
				"creation_event": "reddot"
			},
			"minecraft:particle_initial_speed": 0,
			"minecraft:particle_motion_dynamic": {},
			"minecraft:particle_appearance_billboard": {
				"size": [
					0.2,
					0.2
				],
				"facing_camera_mode": "emitter_transform_xz",
				"uv": {
					"texture_width": 16,
					"texture_height": 16,
					"uv": [
						6.12,
						11.12
					],
					"uv_size": [
						0.88,
						0.88
					]
				}
			},
			"minecraft:particle_appearance_tinting": {
				"color": [
					1,
					1,
					1,
					0.81176
				]
			}
		}
	}
}