{
	"format_version": "1.10.0",
	"particle_effect": {
		"description": {
			"identifier": "dungeonscombat:playerindicator",
			"basic_render_parameters": {
				"material": "particles_blend",
				"texture": "textures/particle/particles"
			}
		},
		"components": {
			"minecraft:emitter_local_space": {
				"position": true,
				"rotation": true
			},
			"minecraft:emitter_rate_instant": {
				"num_particles": 1
			},
			"minecraft:emitter_lifetime_once": {
				"active_time": 0.05
			},
			"minecraft:emitter_shape_point": {
				"offset": [
					0,
					0.05,
					0
				]
			},
			"minecraft:particle_lifetime_expression": {
				"max_lifetime": 0.05
			},
			"minecraft:particle_appearance_billboard": {
				"size": [
					1,
					1
				],
				"facing_camera_mode": "emitter_transform_xz",
				"uv": {
					"texture_width": 16,
					"texture_height": 16,
					"uv": [
						2,
						4
					],
					"uv_size": [
						0.88,
						0.88
					]
				}
			},
			"minecraft:particle_appearance_tinting": {
				"color": [
					0.28627,
					1,
					0,
					0.21961
				]
			}
		}
	}
}