{
	"format_version": "1.8.0",
	"animations": {
		"animation.playeraura.position": {
			"loop": true,
			"bones": {
				"playeraura": {
					"position": [
						0,
						0,
						0
					]
				}
			}
		},
		"animation.playeraura.rotation": {
			"loop": true,
			"bones": {
				"playeraura": {
					"rotation": [
						"query.is_sleeping?0:query.is_gliding?-90-query.body_x_rotation:0",
						"query.is_sleeping?query.body_y_rotation:query.is_gliding?0:query.body_y_rotation",
						0
					]
				}
			}
		},
		"animation.playeraura.scale": {
			"loop": true,
			"bones": {
				"playeraura": {
					"scale": "query.is_sleeping || query.is_spectator ? 0.0 : 1.0"
				}
			}
		}
	}
}