{
	"format_version": "1.12.0",
	"minecraft:geometry": [
		{
			"description": {
				"identifier": "geometry.dungeonslogo",
				"texture_width": 16,
				"texture_height": 16,
				"visible_bounds_width": 40,
				"visible_bounds_height": 11,
				"visible_bounds_offset": [
					0,
					1.5,
					0
				]
			},
			"bones": [
				{
					"name": "bracket",
					"pivot": [
						0,
						0,
						0
					]
				},
				{
					"name": "open_terminator2",
					"parent": "bracket",
					"pivot": [
						0,
						0,
						0
					],
					"cubes": [
						{
							"origin": [
								-130.2,
								80.96,
								20.8
							],
							"size": [
								-50.6,
								-82.8,
								-41.6
							],
							"uv": {
								"north": {
									"uv": [
										3.392,
										13.3
									],
									"uv_size": [
										0.352,
										0.9
									]
								},
								"east": {
									"uv": [
										3.408,
										13.3
									],
									"uv_size": [
										-0.016,
										0.9
									]
								},
								"south": {
									"uv": [
										3.744,
										13.3
									],
									"uv_size": [
										-0.352,
										0.9
									]
								},
								"west": {
									"uv": [
										3.744,
										13.3
									],
									"uv_size": [
										-0.016,
										0.9
									]
								},
								"up": {
									"uv": [
										3.392,
										13.35
									],
									"uv_size": [
										0.352,
										-0.05
									]
								},
								"down": {
									"uv": [
										3.392,
										13.35
									],
									"uv_size": [
										0.352,
										-0.05
									]
								}
							}
						},
						{
							"origin": [
								-180.8,
								-1.84,
								-20.8
							],
							"size": [
								20.7,
								23,
								41.6
							],
							"uv": {
								"west": {
									"uv": [
										0,
										13.3
									],
									"uv_size": [
										0.016,
										0.05
									]
								},
								"up": {
									"uv": [
										0.016,
										13.35
									],
									"uv_size": [
										-0.016,
										-0.05
									]
								}
							}
						},
						{
							"origin": [
								-180.8,
								57.96,
								-20.8
							],
							"size": [
								20.7,
								23,
								41.6
							],
							"uv": {
								"west": {
									"uv": [
										0,
										13.3
									],
									"uv_size": [
										0.016,
										0.05
									]
								},
								"down": {
									"uv": [
										0.016,
										13.35
									],
									"uv_size": [
										-0.016,
										-0.05
									]
								}
							}
						},
						{
							"origin": [
								-141.7,
								16.56,
								-20.8
							],
							"size": [
								11.5,
								46,
								41.6
							],
							"uv": {
								"east": {
									"uv": [
										0,
										13.3
									],
									"uv_size": [
										0.016,
										0.05
									]
								},
								"up": {
									"uv": [
										0.016,
										13.35
									],
									"uv_size": [
										-0.016,
										-0.05
									]
								},
								"down": {
									"uv": [
										0.016,
										13.35
									],
									"uv_size": [
										-0.016,
										-0.05
									]
								}
							}
						},
						{
							"origin": [
								-176.2,
								2.76,
								-17.6
							],
							"size": [
								41.4,
								73.6,
								35.2
							],
							"uv": {
								"north": {
									"uv": [
										14.048,
										1.3
									],
									"uv_size": [
										0.288,
										1.6
									]
								},
								"south": {
									"uv": [
										14.336,
										1.3
									],
									"uv_size": [
										-0.288,
										1.6
									]
								},
								"up": {
									"uv": [
										14.048,
										0
									],
									"uv_size": [
										0.288,
										1.1
									]
								},
								"down": {
									"uv": [
										14.048,
										3.1
									],
									"uv_size": [
										0.288,
										1.1
									]
								}
							}
						}
					]
				},
				{
					"name": "close_terminator2",
					"parent": "bracket",
					"pivot": [
						0,
						0,
						0
					],
					"cubes": [
						{
							"origin": [
								134.8,
								2.76,
								-17.6
							],
							"size": [
								41.4,
								73.6,
								35.2
							],
							"uv": {
								"north": {
									"uv": [
										14.368,
										1.3
									],
									"uv_size": [
										0.288,
										1.6
									]
								},
								"south": {
									"uv": [
										14.656,
										1.3
									],
									"uv_size": [
										-0.288,
										1.6
									]
								},
								"up": {
									"uv": [
										14.368,
										0
									],
									"uv_size": [
										0.288,
										1.1
									]
								},
								"down": {
									"uv": [
										14.368,
										3.1
									],
									"uv_size": [
										0.288,
										1.1
									]
								}
							}
						},
						{
							"origin": [
								160.1,
								-1.84,
								-20.8
							],
							"size": [
								20.7,
								23,
								41.6
							],
							"uv": {
								"east": {
									"uv": [
										0,
										13.3
									],
									"uv_size": [
										0.016,
										0.05
									]
								},
								"up": {
									"uv": [
										0.016,
										13.35
									],
									"uv_size": [
										-0.016,
										-0.05
									]
								}
							}
						},
						{
							"origin": [
								160.1,
								57.96,
								-20.8
							],
							"size": [
								20.7,
								23,
								41.6
							],
							"uv": {
								"east": {
									"uv": [
										0,
										13.3
									],
									"uv_size": [
										0.016,
										0.05
									]
								},
								"down": {
									"uv": [
										0.016,
										13.35
									],
									"uv_size": [
										-0.016,
										-0.05
									]
								}
							}
						},
						{
							"origin": [
								130.2,
								16.56,
								-20.8
							],
							"size": [
								11.5,
								46,
								41.6
							],
							"uv": {
								"west": {
									"uv": [
										0,
										13.3
									],
									"uv_size": [
										0.016,
										0.05
									]
								},
								"up": {
									"uv": [
										0.016,
										13.35
									],
									"uv_size": [
										-0.016,
										-0.05
									]
								},
								"down": {
									"uv": [
										0.016,
										13.35
									],
									"uv_size": [
										-0.016,
										-0.05
									]
								}
							}
						},
						{
							"origin": [
								180.8,
								80.96,
								20.8
							],
							"size": [
								-50.6,
								-82.8,
								-41.6
							],
							"uv": {
								"north": {
									"uv": [
										3.744,
										13.3
									],
									"uv_size": [
										-0.352,
										0.9
									]
								},
								"east": {
									"uv": [
										3.728,
										13.3
									],
									"uv_size": [
										0.016,
										0.9
									]
								},
								"south": {
									"uv": [
										3.392,
										13.3
									],
									"uv_size": [
										0.352,
										0.9
									]
								},
								"west": {
									"uv": [
										3.392,
										13.3
									],
									"uv_size": [
										0.016,
										0.9
									]
								},
								"up": {
									"uv": [
										3.744,
										13.4
									],
									"uv_size": [
										-0.352,
										-0.1
									]
								},
								"down": {
									"uv": [
										3.744,
										13.4
									],
									"uv_size": [
										-0.352,
										-0.1
									]
								}
							}
						}
					]
				},
				{
					"name": "combat",
					"pivot": [
						0,
						0,
						0
					]
				},
				{
					"name": "c2",
					"parent": "combat",
					"pivot": [
						0,
						0,
						0
					],
					"cubes": [
						{
							"origin": [
								-126.1,
								-12.376,
								-17.6
							],
							"size": [
								36.4,
								52,
								35.2
							],
							"uv": {
								"north": {
									"uv": [
										1.44,
										1.1
									],
									"uv_size": [
										0.448,
										2
									]
								},
								"south": {
									"uv": [
										1.888,
										1.1
									],
									"uv_size": [
										-0.448,
										2
									]
								},
								"up": {
									"uv": [
										1.44,
										0
									],
									"uv_size": [
										0.448,
										1.1
									]
								},
								"down": {
									"uv": [
										1.44,
										3.1
									],
									"uv_size": [
										0.448,
										1.1
									]
								}
							}
						},
						{
							"origin": [
								-113.1,
								0.624,
								-20.8
							],
							"size": [
								26,
								26,
								41.6
							],
							"uv": {
								"east": {
									"uv": [
										0.016,
										13.3
									],
									"uv_size": [
										-0.016,
										0.05
									]
								},
								"up": {
									"uv": [
										0,
										13.35
									],
									"uv_size": [
										0.016,
										-0.05
									]
								},
								"down": {
									"uv": [
										0,
										13.35
									],
									"uv_size": [
										0.016,
										-0.05
									]
								}
							}
						},
						{
							"origin": [
								-87.1,
								42.224,
								20.8
							],
							"size": [
								-41.6,
								-57.2,
								-41.6
							],
							"uv": {
								"north": {
									"uv": [
										0.544,
										13.3
									],
									"uv_size": [
										-0.128,
										0.55
									]
								},
								"east": {
									"uv": [
										0.544,
										13.3
									],
									"uv_size": [
										-0.016,
										0.55
									]
								},
								"south": {
									"uv": [
										0.416,
										13.3
									],
									"uv_size": [
										0.128,
										0.55
									]
								},
								"west": {
									"uv": [
										0,
										13.3
									],
									"uv_size": [
										0.016,
										0.05
									]
								},
								"up": {
									"uv": [
										0.016,
										13.35
									],
									"uv_size": [
										-0.016,
										-0.05
									]
								},
								"down": {
									"uv": [
										0.016,
										13.35
									],
									"uv_size": [
										-0.016,
										-0.05
									]
								}
							}
						}
					]
				},
				{
					"name": "o3",
					"parent": "combat",
					"pivot": [
						0,
						0,
						0
					],
					"cubes": [
						{
							"origin": [
								-84.5,
								-12.376,
								-17.6
							],
							"size": [
								36.4,
								52,
								35.2
							],
							"uv": {
								"north": {
									"uv": [
										7.168,
										1.1
									],
									"uv_size": [
										0.448,
										2
									]
								},
								"south": {
									"uv": [
										7.616,
										1.1
									],
									"uv_size": [
										-0.448,
										2
									]
								},
								"up": {
									"uv": [
										7.168,
										0
									],
									"uv_size": [
										0.448,
										1.1
									]
								},
								"down": {
									"uv": [
										7.168,
										3.1
									],
									"uv_size": [
										0.448,
										1.1
									]
								}
							}
						},
						{
							"origin": [
								-45.5,
								37.024,
								20.8
							],
							"size": [
								-5.2,
								-46.8,
								-41.6
							],
							"uv": {
								"north": {
									"uv": [
										0,
										13.3
									],
									"uv_size": [
										0.016,
										0.05
									]
								},
								"east": {
									"uv": [
										0,
										13.3
									],
									"uv_size": [
										0.016,
										0.05
									]
								},
								"south": {
									"uv": [
										0,
										13.3
									],
									"uv_size": [
										0.016,
										0.05
									]
								},
								"up": {
									"uv": [
										0.016,
										13.35
									],
									"uv_size": [
										-0.016,
										-0.05
									]
								},
								"down": {
									"uv": [
										0.016,
										13.35
									],
									"uv_size": [
										-0.016,
										-0.05
									]
								}
							}
						},
						{
							"origin": [
								-81.9,
								37.024,
								20.8
							],
							"size": [
								-5.2,
								-46.8,
								-41.6
							],
							"uv": {
								"north": {
									"uv": [
										0,
										13.3
									],
									"uv_size": [
										0.016,
										0.05
									]
								},
								"south": {
									"uv": [
										0,
										13.3
									],
									"uv_size": [
										0.016,
										0.05
									]
								},
								"west": {
									"uv": [
										0,
										13.3
									],
									"uv_size": [
										0.016,
										0.05
									]
								},
								"up": {
									"uv": [
										0.016,
										13.35
									],
									"uv_size": [
										-0.016,
										-0.05
									]
								},
								"down": {
									"uv": [
										0.016,
										13.35
									],
									"uv_size": [
										-0.016,
										-0.05
									]
								}
							}
						},
						{
							"origin": [
								-71.5,
								0.624,
								-20.8
							],
							"size": [
								10.4,
								26,
								41.6
							],
							"uv": {
								"east": {
									"uv": [
										0.016,
										13.3
									],
									"uv_size": [
										-0.016,
										0.05
									]
								},
								"west": {
									"uv": [
										0,
										13.3
									],
									"uv_size": [
										0.016,
										0.05
									]
								},
								"up": {
									"uv": [
										0,
										13.35
									],
									"uv_size": [
										0.016,
										-0.05
									]
								},
								"down": {
									"uv": [
										0,
										13.35
									],
									"uv_size": [
										0.016,
										-0.05
									]
								}
							}
						},
						{
							"origin": [
								-50.7,
								42.224,
								20.8
							],
							"size": [
								-31.2,
								-57.2,
								-41.6
							],
							"uv": {
								"north": {
									"uv": [
										2.336,
										13.3
									],
									"uv_size": [
										0.096,
										0.55
									]
								},
								"east": {
									"uv": [
										0,
										13.3
									],
									"uv_size": [
										0.016,
										0.55
									]
								},
								"south": {
									"uv": [
										2.432,
										13.3
									],
									"uv_size": [
										-0.096,
										0.55
									]
								},
								"west": {
									"uv": [
										0,
										13.3
									],
									"uv_size": [
										0.016,
										0.55
									]
								},
								"up": {
									"uv": [
										0.016,
										13.35
									],
									"uv_size": [
										-0.016,
										-0.05
									]
								},
								"down": {
									"uv": [
										0.016,
										13.35
									],
									"uv_size": [
										-0.016,
										-0.05
									]
								}
							}
						}
					]
				},
				{
					"name": "m2",
					"parent": "combat",
					"pivot": [
						0,
						0,
						0
					],
					"cubes": [
						{
							"origin": [
								-42.9,
								-12.376,
								-17.6
							],
							"size": [
								44.2,
								52,
								35.2
							],
							"uv": {
								"north": {
									"uv": [
										6.112,
										1.1
									],
									"uv_size": [
										0.544,
										2
									]
								},
								"east": {
									"uv": [
										0.032,
										13.4
									],
									"uv_size": [
										0.016,
										-0.1
									]
								},
								"south": {
									"uv": [
										6.656,
										1.1
									],
									"uv_size": [
										-0.544,
										2
									]
								},
								"west": {
									"uv": [
										0.032,
										13.4
									],
									"uv_size": [
										0.016,
										-0.1
									]
								},
								"up": {
									"uv": [
										6.112,
										0
									],
									"uv_size": [
										0.544,
										1.1
									]
								},
								"down": {
									"uv": [
										6.112,
										3.1
									],
									"uv_size": [
										0.544,
										1.1
									]
								}
							}
						},
						{
							"origin": [
								-29.9,
								34.424,
								-20.8
							],
							"size": [
								18.2,
								7.8,
								41.6
							],
							"uv": {
								"east": {
									"uv": [
										0,
										13.3
									],
									"uv_size": [
										0.016,
										0.05
									]
								},
								"west": {
									"uv": [
										0,
										13.3
									],
									"uv_size": [
										0.016,
										0.05
									]
								},
								"down": {
									"uv": [
										1.984,
										13.5
									],
									"uv_size": [
										-0.112,
										-0.05
									]
								}
							}
						},
						{
							"origin": [
								-29.9,
								-14.976,
								-20.8
							],
							"size": [
								18.2,
								31.2,
								41.6
							],
							"uv": {
								"east": {
									"uv": [
										0,
										13.3
									],
									"uv_size": [
										0.016,
										0.05
									]
								},
								"west": {
									"uv": [
										0,
										13.3
									],
									"uv_size": [
										0.016,
										0.05
									]
								},
								"up": {
									"uv": [
										1.648,
										14.35
									],
									"uv_size": [
										-0.112,
										-0.05
									]
								}
							}
						},
						{
							"origin": [
								-22.1,
								26.624,
								-20.8
							],
							"size": [
								2.6,
								7.8,
								41.6
							],
							"uv": {
								"east": {
									"uv": [
										0,
										13.3
									],
									"uv_size": [
										0.016,
										0.05
									]
								},
								"west": {
									"uv": [
										0,
										13.3
									],
									"uv_size": [
										0.016,
										0.05
									]
								},
								"down": {
									"uv": [
										0.016,
										13.35
									],
									"uv_size": [
										-0.016,
										-0.05
									]
								}
							}
						},
						{
							"origin": [
								-14.3,
								8.424,
								-20.8
							],
							"size": [
								-13,
								7.8,
								41.6
							],
							"uv": {
								"east": {
									"uv": [
										0,
										13.3
									],
									"uv_size": [
										0.016,
										0.05
									]
								},
								"west": {
									"uv": [
										0,
										13.3
									],
									"uv_size": [
										0.016,
										0.05
									]
								},
								"down": {
									"uv": [
										0.016,
										13.35
									],
									"uv_size": [
										-0.016,
										-0.05
									]
								}
							}
						},
						{
							"origin": [
								3.9,
								42.224,
								20.8
							],
							"size": [
								-49.4,
								-57.2,
								-41.6
							],
							"uv": {
								"north": {
									"uv": [
										1.776,
										14.4
									],
									"uv_size": [
										0.304,
										-1.1
									]
								},
								"east": {
									"uv": [
										0,
										13.3
									],
									"uv_size": [
										0.016,
										0.05
									]
								},
								"south": {
									"uv": [
										1.776,
										14.4
									],
									"uv_size": [
										0.304,
										-1.1
									]
								},
								"west": {
									"uv": [
										0,
										13.3
									],
									"uv_size": [
										0.016,
										0.05
									]
								},
								"up": {
									"uv": [
										2.08,
										14.4
									],
									"uv_size": [
										-0.304,
										-0.05
									]
								},
								"down": {
									"uv": [
										2.08,
										13.35
									],
									"uv_size": [
										-0.304,
										-0.05
									]
								}
							}
						}
					]
				},
				{
					"name": "b2",
					"parent": "combat",
					"pivot": [
						0,
						0,
						0
					],
					"cubes": [
						{
							"origin": [
								6.5,
								-12.376,
								-17.6
							],
							"size": [
								36.4,
								52,
								35.2
							],
							"uv": {
								"north": {
									"uv": [
										0.96,
										1.1
									],
									"uv_size": [
										0.448,
										2
									]
								},
								"south": {
									"uv": [
										1.408,
										1.1
									],
									"uv_size": [
										-0.448,
										2
									]
								},
								"up": {
									"uv": [
										0.96,
										0
									],
									"uv_size": [
										0.448,
										1.1
									]
								},
								"down": {
									"uv": [
										0.96,
										3.1
									],
									"uv_size": [
										0.448,
										1.1
									]
								}
							}
						},
						{
							"origin": [
								45.5,
								42.224,
								20.8
							],
							"size": [
								-41.6,
								-57.2,
								-41.6
							],
							"uv": {
								"north": {
									"uv": [
										0.416,
										13.3
									],
									"uv_size": [
										-0.128,
										0.55
									]
								},
								"east": {
									"uv": [
										0.4,
										13.3
									],
									"uv_size": [
										0.016,
										0.55
									]
								},
								"south": {
									"uv": [
										0.288,
										13.3
									],
									"uv_size": [
										0.128,
										0.55
									]
								},
								"west": {
									"uv": [
										0,
										13.3
									],
									"uv_size": [
										0.016,
										0.05
									]
								},
								"up": {
									"uv": [
										0.016,
										13.35
									],
									"uv_size": [
										-0.016,
										-0.05
									]
								},
								"down": {
									"uv": [
										0.016,
										13.35
									],
									"uv_size": [
										-0.016,
										-0.05
									]
								}
							}
						},
						{
							"origin": [
								40.3,
								11.024,
								-20.8
							],
							"size": [
								5.2,
								5.2,
								41.6
							],
							"uv": {
								"east": {
									"uv": [
										0,
										13.3
									],
									"uv_size": [
										0.016,
										0.05
									]
								},
								"up": {
									"uv": [
										0.016,
										13.35
									],
									"uv_size": [
										-0.016,
										-0.05
									]
								},
								"down": {
									"uv": [
										0.016,
										13.35
									],
									"uv_size": [
										-0.016,
										-0.05
									]
								}
							}
						},
						{
							"origin": [
								19.5,
								0.624,
								-20.8
							],
							"size": [
								10.4,
								5.2,
								41.6
							],
							"uv": {
								"east": {
									"uv": [
										0,
										13.3
									],
									"uv_size": [
										0.016,
										0.05
									]
								},
								"west": {
									"uv": [
										0,
										13.3
									],
									"uv_size": [
										0.016,
										0.05
									]
								},
								"up": {
									"uv": [
										0.016,
										13.35
									],
									"uv_size": [
										-0.016,
										-0.05
									]
								},
								"down": {
									"uv": [
										0.016,
										13.35
									],
									"uv_size": [
										-0.016,
										-0.05
									]
								}
							}
						},
						{
							"origin": [
								19.5,
								21.424,
								-20.8
							],
							"size": [
								10.4,
								5.2,
								41.6
							],
							"uv": {
								"east": {
									"uv": [
										0,
										13.3
									],
									"uv_size": [
										0.016,
										0.05
									]
								},
								"west": {
									"uv": [
										0,
										13.3
									],
									"uv_size": [
										0.016,
										0.05
									]
								},
								"up": {
									"uv": [
										0.016,
										13.35
									],
									"uv_size": [
										-0.016,
										-0.05
									]
								},
								"down": {
									"uv": [
										0.016,
										13.35
									],
									"uv_size": [
										-0.016,
										-0.05
									]
								}
							}
						}
					]
				},
				{
					"name": "a2",
					"parent": "combat",
					"pivot": [
						0,
						0,
						0
					],
					"cubes": [
						{
							"origin": [
								48.1,
								-12.376,
								-17.6
							],
							"size": [
								36.4,
								52,
								35.2
							],
							"uv": {
								"north": {
									"uv": [
										0,
										1.1
									],
									"uv_size": [
										0.448,
										2
									]
								},
								"south": {
									"uv": [
										0.448,
										1.1
									],
									"uv_size": [
										-0.448,
										2
									]
								},
								"up": {
									"uv": [
										0,
										0
									],
									"uv_size": [
										0.448,
										1.1
									]
								},
								"down": {
									"uv": [
										0,
										3.1
									],
									"uv_size": [
										0.448,
										1.1
									]
								}
							}
						},
						{
							"origin": [
								87.1,
								42.224,
								20.8
							],
							"size": [
								-41.6,
								-57.2,
								-41.6
							],
							"uv": {
								"north": {
									"uv": [
										0.16,
										13.85
									],
									"uv_size": [
										0.128,
										-0.55
									]
								},
								"east": {
									"uv": [
										0,
										13.3
									],
									"uv_size": [
										0.016,
										0.05
									]
								},
								"south": {
									"uv": [
										0.16,
										13.85
									],
									"uv_size": [
										0.128,
										-0.55
									]
								},
								"west": {
									"uv": [
										0,
										13.3
									],
									"uv_size": [
										0.016,
										0.05
									]
								},
								"up": {
									"uv": [
										0.16,
										13.85
									],
									"uv_size": [
										-0.128,
										-0.05
									]
								},
								"down": {
									"uv": [
										0.016,
										13.35
									],
									"uv_size": [
										-0.016,
										-0.05
									]
								}
							}
						},
						{
							"origin": [
								61.1,
								-14.976,
								-20.8
							],
							"size": [
								10.4,
								15.6,
								41.6
							],
							"uv": {
								"east": {
									"uv": [
										0,
										13.3
									],
									"uv_size": [
										0.016,
										0.05
									]
								},
								"west": {
									"uv": [
										0,
										13.3
									],
									"uv_size": [
										0.016,
										0.05
									]
								},
								"up": {
									"uv": [
										0.016,
										13.35
									],
									"uv_size": [
										-0.016,
										-0.05
									]
								}
							}
						}
					]
				},
				{
					"name": "t2",
					"parent": "combat",
					"pivot": [
						0,
						0,
						0
					],
					"cubes": [
						{
							"origin": [
								89.7,
								-12.376,
								-17.6
							],
							"size": [
								36.4,
								52,
								35.2
							],
							"uv": {
								"north": {
									"uv": [
										9.632,
										1.1
									],
									"uv_size": [
										0.448,
										2
									]
								},
								"south": {
									"uv": [
										10.08,
										1.1
									],
									"uv_size": [
										-0.448,
										2
									]
								},
								"up": {
									"uv": [
										9.632,
										0
									],
									"uv_size": [
										0.448,
										1.1
									]
								},
								"down": {
									"uv": [
										9.632,
										3.1
									],
									"uv_size": [
										0.448,
										1.1
									]
								}
							}
						},
						{
							"origin": [
								87.1,
								-14.976,
								-20.8
							],
							"size": [
								13,
								41.6,
								41.6
							],
							"uv": {
								"west": {
									"uv": [
										0,
										13.3
									],
									"uv_size": [
										0.032,
										0.05
									]
								},
								"up": {
									"uv": [
										0.032,
										13.35
									],
									"uv_size": [
										-0.032,
										-0.05
									]
								}
							}
						},
						{
							"origin": [
								115.7,
								-14.976,
								-20.8
							],
							"size": [
								13,
								41.6,
								41.6
							],
							"uv": {
								"east": {
									"uv": [
										0,
										13.3
									],
									"uv_size": [
										0.016,
										0.05
									]
								},
								"up": {
									"uv": [
										0.016,
										13.35
									],
									"uv_size": [
										-0.016,
										-0.05
									]
								}
							}
						},
						{
							"origin": [
								128.7,
								42.224,
								20.8
							],
							"size": [
								-41.6,
								-57.2,
								-41.6
							],
							"uv": {
								"north": {
									"uv": [
										2.96,
										13.85
									],
									"uv_size": [
										0.256,
										-0.55
									]
								},
								"east": {
									"uv": [
										2.976,
										13.85
									],
									"uv_size": [
										-0.016,
										-0.55
									]
								},
								"south": {
									"uv": [
										2.96,
										13.85
									],
									"uv_size": [
										0.256,
										-0.55
									]
								},
								"west": {
									"uv": [
										2.976,
										13.85
									],
									"uv_size": [
										-0.016,
										-0.55
									]
								},
								"up": {
									"uv": [
										3.216,
										13.8
									],
									"uv_size": [
										-0.256,
										0.05
									]
								},
								"down": {
									"uv": [
										0.016,
										13.35
									],
									"uv_size": [
										-0.016,
										-0.05
									]
								}
							}
						}
					]
				},
				{
					"name": "dungeons",
					"pivot": [
						0,
						0,
						0
					]
				},
				{
					"name": "d2",
					"parent": "dungeons",
					"pivot": [
						0,
						0,
						0
					],
					"cubes": [
						{
							"origin": [
								-126,
								50,
								-17.6
							],
							"size": [
								28,
								40,
								35.2
							],
							"uv": {
								"north": {
									"uv": [
										1.92,
										1.1
									],
									"uv_size": [
										0.448,
										2
									]
								},
								"south": {
									"uv": [
										2.368,
										1.1
									],
									"uv_size": [
										-0.448,
										2
									]
								},
								"up": {
									"uv": [
										1.92,
										0
									],
									"uv_size": [
										0.448,
										1.1
									]
								},
								"down": {
									"uv": [
										1.92,
										3.1
									],
									"uv_size": [
										0.448,
										1.1
									]
								}
							}
						},
						{
							"origin": [
								-96,
								88,
								20.8
							],
							"size": [
								-4,
								-36,
								-41.6
							],
							"uv": {
								"north": {
									"uv": [
										0,
										13.3
									],
									"uv_size": [
										0.016,
										0.05
									]
								},
								"east": {
									"uv": [
										0,
										13.3
									],
									"uv_size": [
										0.016,
										0.05
									]
								},
								"south": {
									"uv": [
										0,
										13.3
									],
									"uv_size": [
										0.016,
										0.05
									]
								},
								"up": {
									"uv": [
										0.016,
										13.35
									],
									"uv_size": [
										-0.016,
										-0.05
									]
								},
								"down": {
									"uv": [
										0.016,
										13.35
									],
									"uv_size": [
										-0.016,
										-0.05
									]
								}
							}
						},
						{
							"origin": [
								-116,
								60,
								-20.8
							],
							"size": [
								8,
								20,
								41.6
							],
							"uv": {
								"east": {
									"uv": [
										0.016,
										13.3
									],
									"uv_size": [
										-0.016,
										0.05
									]
								},
								"west": {
									"uv": [
										0,
										13.3
									],
									"uv_size": [
										0.016,
										0.05
									]
								},
								"up": {
									"uv": [
										0,
										13.35
									],
									"uv_size": [
										0.016,
										-0.05
									]
								},
								"down": {
									"uv": [
										0,
										13.35
									],
									"uv_size": [
										0.016,
										-0.05
									]
								}
							}
						},
						{
							"origin": [
								-100,
								92,
								20.8
							],
							"size": [
								-28,
								-44,
								-41.6
							],
							"uv": {
								"north": {
									"uv": [
										0.656,
										13.3
									],
									"uv_size": [
										-0.112,
										0.55
									]
								},
								"east": {
									"uv": [
										0.672,
										13.3
									],
									"uv_size": [
										-0.016,
										0.55
									]
								},
								"south": {
									"uv": [
										0.544,
										13.3
									],
									"uv_size": [
										0.112,
										0.55
									]
								},
								"west": {
									"uv": [
										0.016,
										13.3
									],
									"uv_size": [
										-0.016,
										0.05
									]
								},
								"up": {
									"uv": [
										0,
										13.35
									],
									"uv_size": [
										0.016,
										-0.05
									]
								},
								"down": {
									"uv": [
										0,
										13.35
									],
									"uv_size": [
										0.016,
										-0.05
									]
								}
							}
						}
					]
				},
				{
					"name": "u2",
					"parent": "dungeons",
					"pivot": [
						0,
						0,
						0
					],
					"cubes": [
						{
							"origin": [
								-94,
								50,
								-17.6
							],
							"size": [
								28,
								40,
								35.2
							],
							"uv": {
								"north": {
									"uv": [
										10.112,
										1.1
									],
									"uv_size": [
										0.448,
										2
									]
								},
								"south": {
									"uv": [
										10.56,
										1.1
									],
									"uv_size": [
										-0.448,
										2
									]
								},
								"up": {
									"uv": [
										10.112,
										0
									],
									"uv_size": [
										0.448,
										1.1
									]
								},
								"down": {
									"uv": [
										10.112,
										3.1
									],
									"uv_size": [
										0.448,
										1.1
									]
								}
							}
						},
						{
							"origin": [
								-64,
								92,
								20.8
							],
							"size": [
								-32,
								-44,
								-41.6
							],
							"uv": {
								"north": {
									"uv": [
										3.216,
										13.85
									],
									"uv_size": [
										0.128,
										-0.55
									]
								},
								"east": {
									"uv": [
										3.232,
										13.85
									],
									"uv_size": [
										-0.016,
										-0.55
									]
								},
								"south": {
									"uv": [
										3.344,
										13.85
									],
									"uv_size": [
										-0.128,
										-0.55
									]
								},
								"west": {
									"uv": [
										3.216,
										13.85
									],
									"uv_size": [
										0.016,
										-0.55
									]
								},
								"up": {
									"uv": [
										3.344,
										13.85
									],
									"uv_size": [
										-0.128,
										-0.05
									]
								},
								"down": {
									"uv": [
										3.344,
										13.35
									],
									"uv_size": [
										-0.128,
										-0.05
									]
								}
							}
						},
						{
							"origin": [
								-96,
								48,
								-20.8
							],
							"size": [
								4,
								4,
								41.6
							],
							"uv": {
								"west": {
									"uv": [
										0,
										13.3
									],
									"uv_size": [
										0.016,
										0.05
									]
								},
								"up": {
									"uv": [
										0.016,
										13.35
									],
									"uv_size": [
										-0.016,
										-0.05
									]
								}
							}
						},
						{
							"origin": [
								-68,
								48,
								-20.8
							],
							"size": [
								4,
								4,
								41.6
							],
							"uv": {
								"east": {
									"uv": [
										0,
										13.3
									],
									"uv_size": [
										0.016,
										0.05
									]
								},
								"up": {
									"uv": [
										0.016,
										13.35
									],
									"uv_size": [
										-0.016,
										-0.05
									]
								}
							}
						},
						{
							"origin": [
								-84,
								60,
								-20.8
							],
							"size": [
								8,
								32,
								41.6
							],
							"uv": {
								"east": {
									"uv": [
										0,
										13.3
									],
									"uv_size": [
										0.016,
										0.05
									]
								},
								"west": {
									"uv": [
										0,
										13.3
									],
									"uv_size": [
										0.016,
										0.05
									]
								},
								"down": {
									"uv": [
										0.016,
										13.35
									],
									"uv_size": [
										-0.016,
										-0.05
									]
								}
							}
						}
					]
				},
				{
					"name": "n3",
					"parent": "dungeons",
					"pivot": [
						0,
						0,
						0
					],
					"cubes": [
						{
							"origin": [
								-62,
								50,
								-17.6
							],
							"size": [
								28,
								40,
								35.2
							],
							"uv": {
								"north": {
									"uv": [
										6.688,
										1.1
									],
									"uv_size": [
										0.448,
										2
									]
								},
								"south": {
									"uv": [
										7.136,
										1.1
									],
									"uv_size": [
										-0.448,
										2
									]
								},
								"up": {
									"uv": [
										6.688,
										0
									],
									"uv_size": [
										0.448,
										1.1
									]
								},
								"down": {
									"uv": [
										6.688,
										3.1
									],
									"uv_size": [
										0.448,
										1.1
									]
								}
							}
						},
						{
							"origin": [
								-52,
								86,
								-20.8
							],
							"size": [
								8,
								6,
								41.6
							],
							"uv": {
								"east": {
									"uv": [
										0,
										13.3
									],
									"uv_size": [
										0.016,
										0.05
									]
								},
								"west": {
									"uv": [
										0,
										13.3
									],
									"uv_size": [
										0.016,
										0.05
									]
								},
								"down": {
									"uv": [
										2.176,
										13.5
									],
									"uv_size": [
										0.064,
										-0.05
									]
								}
							}
						},
						{
							"origin": [
								-46,
								80,
								-20.8
							],
							"size": [
								2,
								6,
								41.6
							],
							"uv": {
								"east": {
									"uv": [
										0,
										13.3
									],
									"uv_size": [
										0.016,
										0.05
									]
								},
								"west": {
									"uv": [
										0,
										13.3
									],
									"uv_size": [
										0.016,
										0.05
									]
								},
								"down": {
									"uv": [
										0.016,
										13.35
									],
									"uv_size": [
										-0.016,
										-0.05
									]
								}
							}
						},
						{
							"origin": [
								-52,
								66,
								-20.8
							],
							"size": [
								2,
								6,
								41.6
							],
							"uv": {
								"east": {
									"uv": [
										0,
										13.3
									],
									"uv_size": [
										0.016,
										0.05
									]
								},
								"west": {
									"uv": [
										0,
										13.3
									],
									"uv_size": [
										0.016,
										0.05
									]
								},
								"up": {
									"uv": [
										2.08,
										13.75
									],
									"uv_size": [
										0.048,
										0.05
									]
								}
							}
						},
						{
							"origin": [
								-32,
								92,
								20.8
							],
							"size": [
								-32,
								-44,
								-41.6
							],
							"uv": {
								"north": {
									"uv": [
										2.336,
										14.4
									],
									"uv_size": [
										-0.256,
										-1.1
									]
								},
								"east": {
									"uv": [
										0,
										13.3
									],
									"uv_size": [
										0.016,
										0.05
									]
								},
								"south": {
									"uv": [
										2.08,
										14.4
									],
									"uv_size": [
										0.256,
										-1.1
									]
								},
								"west": {
									"uv": [
										0,
										13.3
									],
									"uv_size": [
										0.016,
										0.05
									]
								},
								"up": {
									"uv": [
										2.336,
										13.35
									],
									"uv_size": [
										-0.256,
										-0.05
									]
								},
								"down": {
									"uv": [
										2.336,
										13.35
									],
									"uv_size": [
										-0.256,
										-0.05
									]
								}
							}
						},
						{
							"origin": [
								-52,
								48,
								-20.8
							],
							"size": [
								8,
								18,
								41.6
							],
							"uv": {
								"east": {
									"uv": [
										0,
										13.3
									],
									"uv_size": [
										0.016,
										0.05
									]
								},
								"west": {
									"uv": [
										0,
										13.3
									],
									"uv_size": [
										0.016,
										0.05
									]
								},
								"up": {
									"uv": [
										2.176,
										13.95
									],
									"uv_size": [
										0.064,
										-0.05
									]
								}
							}
						}
					]
				},
				{
					"name": "g2",
					"parent": "dungeons",
					"pivot": [
						0,
						0,
						0
					],
					"cubes": [
						{
							"origin": [
								-30,
								50,
								-17.6
							],
							"size": [
								28,
								40,
								35.2
							],
							"uv": {
								"north": {
									"uv": [
										3.36,
										1.1
									],
									"uv_size": [
										0.448,
										2
									]
								},
								"south": {
									"uv": [
										3.808,
										1.1
									],
									"uv_size": [
										-0.448,
										2
									]
								},
								"up": {
									"uv": [
										3.36,
										0
									],
									"uv_size": [
										0.448,
										1.1
									]
								},
								"down": {
									"uv": [
										3.36,
										3.1
									],
									"uv_size": [
										0.448,
										1.1
									]
								}
							}
						},
						{
							"origin": [
								-20,
								76,
								-20.8
							],
							"size": [
								20,
								4,
								41.6
							],
							"uv": {
								"east": {
									"uv": [
										0,
										13.3
									],
									"uv_size": [
										0.016,
										0.05
									]
								},
								"up": {
									"uv": [
										0.016,
										13.35
									],
									"uv_size": [
										-0.016,
										-0.05
									]
								},
								"down": {
									"uv": [
										0.016,
										13.35
									],
									"uv_size": [
										-0.016,
										-0.05
									]
								}
							}
						},
						{
							"origin": [
								0,
								92,
								20.8
							],
							"size": [
								-32,
								-44,
								-41.6
							],
							"uv": {
								"north": {
									"uv": [
										1.056,
										13.85
									],
									"uv_size": [
										-0.128,
										-0.55
									]
								},
								"east": {
									"uv": [
										1.056,
										13.85
									],
									"uv_size": [
										-0.016,
										-0.55
									]
								},
								"south": {
									"uv": [
										0.928,
										13.85
									],
									"uv_size": [
										0.128,
										-0.55
									]
								},
								"west": {
									"uv": [
										0,
										13.3
									],
									"uv_size": [
										0.016,
										0.05
									]
								},
								"up": {
									"uv": [
										0.016,
										13.35
									],
									"uv_size": [
										-0.016,
										-0.05
									]
								},
								"down": {
									"uv": [
										0.016,
										13.35
									],
									"uv_size": [
										-0.016,
										-0.05
									]
								}
							}
						},
						{
							"origin": [
								-20,
								60,
								-20.8
							],
							"size": [
								8,
								4,
								41.6
							],
							"uv": {
								"east": {
									"uv": [
										0,
										13.3
									],
									"uv_size": [
										0.016,
										0.05
									]
								},
								"west": {
									"uv": [
										0,
										13.3
									],
									"uv_size": [
										0.016,
										0.05
									]
								},
								"up": {
									"uv": [
										0.016,
										13.35
									],
									"uv_size": [
										-0.016,
										-0.05
									]
								},
								"down": {
									"uv": [
										0.016,
										13.35
									],
									"uv_size": [
										-0.016,
										-0.05
									]
								}
							}
						}
					]
				},
				{
					"name": "e2",
					"parent": "dungeons",
					"pivot": [
						0,
						0,
						0
					],
					"cubes": [
						{
							"origin": [
								2,
								50,
								-17.6
							],
							"size": [
								28,
								40,
								35.2
							],
							"uv": {
								"north": {
									"uv": [
										2.4,
										1.1
									],
									"uv_size": [
										0.448,
										2
									]
								},
								"south": {
									"uv": [
										2.848,
										1.1
									],
									"uv_size": [
										-0.448,
										2
									]
								},
								"up": {
									"uv": [
										2.4,
										0
									],
									"uv_size": [
										0.448,
										1.1
									]
								},
								"down": {
									"uv": [
										2.4,
										3.1
									],
									"uv_size": [
										0.448,
										1.1
									]
								}
							}
						},
						{
							"origin": [
								12,
								76,
								-20.8
							],
							"size": [
								20,
								4,
								41.6
							],
							"uv": {
								"east": {
									"uv": [
										0,
										13.3
									],
									"uv_size": [
										0.016,
										0.05
									]
								},
								"up": {
									"uv": [
										0.016,
										13.35
									],
									"uv_size": [
										-0.016,
										-0.05
									]
								},
								"down": {
									"uv": [
										0.72,
										13.55
									],
									"uv_size": [
										0.08,
										-0.05
									]
								}
							}
						},
						{
							"origin": [
								12,
								60,
								-20.8
							],
							"size": [
								20,
								4,
								41.6
							],
							"uv": {
								"east": {
									"uv": [
										0,
										13.3
									],
									"uv_size": [
										0.016,
										0.05
									]
								},
								"up": {
									"uv": [
										0.72,
										13.6
									],
									"uv_size": [
										0.08,
										0.05
									]
								},
								"down": {
									"uv": [
										0.016,
										13.35
									],
									"uv_size": [
										-0.016,
										-0.05
									]
								}
							}
						},
						{
							"origin": [
								32,
								92,
								20.8
							],
							"size": [
								-32,
								-44,
								-41.6
							],
							"uv": {
								"north": {
									"uv": [
										0.8,
										13.85
									],
									"uv_size": [
										-0.128,
										-0.55
									]
								},
								"east": {
									"uv": [
										0.784,
										13.85
									],
									"uv_size": [
										0.016,
										-0.55
									]
								},
								"south": {
									"uv": [
										0.672,
										13.85
									],
									"uv_size": [
										0.128,
										-0.55
									]
								},
								"west": {
									"uv": [
										0,
										13.3
									],
									"uv_size": [
										0.016,
										0.05
									]
								},
								"up": {
									"uv": [
										0.016,
										13.35
									],
									"uv_size": [
										-0.016,
										-0.05
									]
								},
								"down": {
									"uv": [
										0.016,
										13.35
									],
									"uv_size": [
										-0.016,
										-0.05
									]
								}
							}
						},
						{
							"origin": [
								28,
								64,
								-20.8
							],
							"size": [
								0,
								12,
								41.6
							],
							"uv": {
								"east": {
									"uv": [
										0,
										13.3
									],
									"uv_size": [
										0.016,
										0.05
									]
								},
								"west": {
									"uv": [
										0,
										13.3
									],
									"uv_size": [
										0.016,
										0.05
									]
								}
							}
						}
					]
				},
				{
					"name": "o2",
					"parent": "dungeons",
					"pivot": [
						0,
						0,
						0
					],
					"cubes": [
						{
							"origin": [
								34,
								50,
								-17.6
							],
							"size": [
								28,
								40,
								35.2
							],
							"uv": {
								"north": {
									"uv": [
										7.168,
										1.1
									],
									"uv_size": [
										0.448,
										2
									]
								},
								"south": {
									"uv": [
										7.616,
										1.1
									],
									"uv_size": [
										-0.448,
										2
									]
								},
								"up": {
									"uv": [
										7.168,
										0
									],
									"uv_size": [
										0.448,
										1.1
									]
								},
								"down": {
									"uv": [
										7.168,
										3.1
									],
									"uv_size": [
										0.448,
										1.1
									]
								}
							}
						},
						{
							"origin": [
								64,
								88,
								20.8
							],
							"size": [
								-4,
								-36,
								-41.6
							],
							"uv": {
								"north": {
									"uv": [
										0,
										13.3
									],
									"uv_size": [
										0.016,
										0.05
									]
								},
								"east": {
									"uv": [
										0,
										13.3
									],
									"uv_size": [
										0.016,
										0.05
									]
								},
								"south": {
									"uv": [
										0,
										13.3
									],
									"uv_size": [
										0.016,
										0.05
									]
								},
								"up": {
									"uv": [
										0.016,
										13.35
									],
									"uv_size": [
										-0.016,
										-0.05
									]
								},
								"down": {
									"uv": [
										0.016,
										13.35
									],
									"uv_size": [
										-0.016,
										-0.05
									]
								}
							}
						},
						{
							"origin": [
								36,
								88,
								20.8
							],
							"size": [
								-4,
								-36,
								-41.6
							],
							"uv": {
								"north": {
									"uv": [
										0,
										13.3
									],
									"uv_size": [
										0.016,
										0.05
									]
								},
								"south": {
									"uv": [
										0,
										13.3
									],
									"uv_size": [
										0.016,
										0.05
									]
								},
								"west": {
									"uv": [
										0,
										13.3
									],
									"uv_size": [
										0.016,
										0.05
									]
								},
								"up": {
									"uv": [
										0.016,
										13.35
									],
									"uv_size": [
										-0.016,
										-0.05
									]
								},
								"down": {
									"uv": [
										0.016,
										13.35
									],
									"uv_size": [
										-0.016,
										-0.05
									]
								}
							}
						},
						{
							"origin": [
								44,
								60,
								-20.8
							],
							"size": [
								8,
								20,
								41.6
							],
							"uv": {
								"east": {
									"uv": [
										0.016,
										13.3
									],
									"uv_size": [
										-0.016,
										0.05
									]
								},
								"west": {
									"uv": [
										0,
										13.3
									],
									"uv_size": [
										0.016,
										0.05
									]
								},
								"up": {
									"uv": [
										0,
										13.35
									],
									"uv_size": [
										0.016,
										-0.05
									]
								},
								"down": {
									"uv": [
										0,
										13.35
									],
									"uv_size": [
										0.016,
										-0.05
									]
								}
							}
						},
						{
							"origin": [
								60,
								92,
								20.8
							],
							"size": [
								-24,
								-44,
								-41.6
							],
							"uv": {
								"north": {
									"uv": [
										2.336,
										13.3
									],
									"uv_size": [
										0.096,
										0.55
									]
								},
								"east": {
									"uv": [
										0,
										13.3
									],
									"uv_size": [
										0.016,
										0.55
									]
								},
								"south": {
									"uv": [
										2.432,
										13.3
									],
									"uv_size": [
										-0.096,
										0.55
									]
								},
								"west": {
									"uv": [
										0,
										13.3
									],
									"uv_size": [
										0.016,
										0.55
									]
								},
								"up": {
									"uv": [
										0.016,
										13.35
									],
									"uv_size": [
										-0.016,
										-0.05
									]
								},
								"down": {
									"uv": [
										0.016,
										13.35
									],
									"uv_size": [
										-0.016,
										-0.05
									]
								}
							}
						}
					]
				},
				{
					"name": "n2",
					"parent": "dungeons",
					"pivot": [
						0,
						0,
						0
					],
					"cubes": [
						{
							"origin": [
								66,
								50,
								-17.6
							],
							"size": [
								28,
								40,
								35.2
							],
							"uv": {
								"north": {
									"uv": [
										6.688,
										1.1
									],
									"uv_size": [
										0.448,
										2
									]
								},
								"south": {
									"uv": [
										7.136,
										1.1
									],
									"uv_size": [
										-0.448,
										2
									]
								},
								"up": {
									"uv": [
										6.688,
										0
									],
									"uv_size": [
										0.448,
										1.1
									]
								},
								"down": {
									"uv": [
										6.688,
										3.1
									],
									"uv_size": [
										0.448,
										1.1
									]
								}
							}
						},
						{
							"origin": [
								76,
								86,
								-20.8
							],
							"size": [
								8,
								6,
								41.6
							],
							"uv": {
								"east": {
									"uv": [
										0,
										13.3
									],
									"uv_size": [
										0.016,
										0.05
									]
								},
								"west": {
									"uv": [
										0,
										13.3
									],
									"uv_size": [
										0.016,
										0.05
									]
								},
								"down": {
									"uv": [
										2.176,
										13.5
									],
									"uv_size": [
										0.064,
										-0.05
									]
								}
							}
						},
						{
							"origin": [
								82,
								80,
								-20.8
							],
							"size": [
								2,
								6,
								41.6
							],
							"uv": {
								"east": {
									"uv": [
										0,
										13.3
									],
									"uv_size": [
										0.016,
										0.05
									]
								},
								"west": {
									"uv": [
										0,
										13.3
									],
									"uv_size": [
										0.016,
										0.05
									]
								},
								"down": {
									"uv": [
										0.016,
										13.35
									],
									"uv_size": [
										-0.016,
										-0.05
									]
								}
							}
						},
						{
							"origin": [
								76,
								66,
								-20.8
							],
							"size": [
								2,
								6,
								41.6
							],
							"uv": {
								"east": {
									"uv": [
										0,
										13.3
									],
									"uv_size": [
										0.016,
										0.05
									]
								},
								"west": {
									"uv": [
										0,
										13.3
									],
									"uv_size": [
										0.016,
										0.05
									]
								},
								"up": {
									"uv": [
										2.08,
										13.75
									],
									"uv_size": [
										0.048,
										0.05
									]
								}
							}
						},
						{
							"origin": [
								96,
								92,
								20.8
							],
							"size": [
								-32,
								-44,
								-41.6
							],
							"uv": {
								"north": {
									"uv": [
										2.336,
										14.4
									],
									"uv_size": [
										-0.256,
										-1.1
									]
								},
								"east": {
									"uv": [
										0,
										13.3
									],
									"uv_size": [
										0.016,
										0.05
									]
								},
								"south": {
									"uv": [
										2.08,
										14.4
									],
									"uv_size": [
										0.256,
										-1.1
									]
								},
								"west": {
									"uv": [
										0,
										13.3
									],
									"uv_size": [
										0.016,
										0.05
									]
								},
								"up": {
									"uv": [
										2.336,
										13.35
									],
									"uv_size": [
										-0.256,
										-0.05
									]
								},
								"down": {
									"uv": [
										2.336,
										13.35
									],
									"uv_size": [
										-0.256,
										-0.05
									]
								}
							}
						},
						{
							"origin": [
								76,
								48,
								-20.8
							],
							"size": [
								8,
								18,
								41.6
							],
							"uv": {
								"east": {
									"uv": [
										0,
										13.3
									],
									"uv_size": [
										0.016,
										0.05
									]
								},
								"west": {
									"uv": [
										0,
										13.3
									],
									"uv_size": [
										0.016,
										0.05
									]
								},
								"up": {
									"uv": [
										2.176,
										13.95
									],
									"uv_size": [
										0.064,
										-0.05
									]
								}
							}
						}
					]
				},
				{
					"name": "s2",
					"parent": "dungeons",
					"pivot": [
						0,
						0,
						0
					],
					"cubes": [
						{
							"origin": [
								98,
								50,
								-17.6
							],
							"size": [
								28,
								40,
								35.2
							],
							"uv": {
								"north": {
									"uv": [
										9.152,
										1.1
									],
									"uv_size": [
										0.448,
										2
									]
								},
								"south": {
									"uv": [
										9.6,
										1.1
									],
									"uv_size": [
										-0.448,
										2
									]
								},
								"up": {
									"uv": [
										9.152,
										0
									],
									"uv_size": [
										0.448,
										1.1
									]
								},
								"down": {
									"uv": [
										9.152,
										3.1
									],
									"uv_size": [
										0.448,
										1.1
									]
								}
							}
						},
						{
							"origin": [
								96,
								60,
								-20.8
							],
							"size": [
								20,
								4,
								41.6
							],
							"uv": {
								"west": {
									"uv": [
										0,
										13.3
									],
									"uv_size": [
										0.016,
										0.05
									]
								},
								"up": {
									"uv": [
										0.016,
										13.35
									],
									"uv_size": [
										-0.016,
										-0.05
									]
								},
								"down": {
									"uv": [
										0.016,
										13.35
									],
									"uv_size": [
										-0.016,
										-0.05
									]
								}
							}
						},
						{
							"origin": [
								108,
								76,
								-20.8
							],
							"size": [
								20,
								4,
								41.6
							],
							"uv": {
								"east": {
									"uv": [
										0,
										13.3
									],
									"uv_size": [
										0.016,
										0.05
									]
								},
								"up": {
									"uv": [
										0.016,
										13.35
									],
									"uv_size": [
										-0.016,
										-0.05
									]
								},
								"down": {
									"uv": [
										0.016,
										13.35
									],
									"uv_size": [
										-0.016,
										-0.05
									]
								}
							}
						},
						{
							"origin": [
								128,
								92,
								20.8
							],
							"size": [
								-32,
								-44,
								-41.6
							],
							"uv": {
								"north": {
									"uv": [
										2.56,
										13.3
									],
									"uv_size": [
										0.128,
										0.55
									]
								},
								"east": {
									"uv": [
										2.576,
										13.3
									],
									"uv_size": [
										-0.016,
										0.55
									]
								},
								"south": {
									"uv": [
										2.688,
										13.3
									],
									"uv_size": [
										-0.128,
										0.55
									]
								},
								"west": {
									"uv": [
										2.688,
										13.3
									],
									"uv_size": [
										-0.016,
										0.55
									]
								},
								"up": {
									"uv": [
										0,
										13.35
									],
									"uv_size": [
										0.016,
										-0.05
									]
								},
								"down": {
									"uv": [
										0,
										13.35
									],
									"uv_size": [
										0.016,
										-0.05
									]
								}
							}
						}
					]
				}
			]
		}
	]
}