{
	"format_version": "1.20.20",
	"sound_definitions": {
		"dungeonscombat.sweep": {
			"category": "player",
			"sounds": [
				{
					"name": "sounds/player/dc_sweep1"
				},
				{
					"name": "sounds/player/dc_sweep2"
				},
				{
					"name": "sounds/player/dc_sweep3"
				},
				{
					"name": "sounds/player/dc_sweep4"
				},
				{
					"name": "sounds/player/dc_sweep5"
				},
				{
					"name": "sounds/player/dc_sweep6"
				},
				{
					"name": "sounds/player/dc_sweep7"
				}
			]
		}
	}
}